{
  "loss": [
    0.9082722663879395,
    0.8994803428649902
  ],
  "psnr": [
    0.4178396165370941,
    0.4600830376148224
  ]
}